"Name","Count"
"tip","247"
"tools","171"
"windows-7","169"
"deployment","113"
"group-policy","92"
"powershell","80"
"vista","76"
"automation","70"
"virtualization","69"
"knowledge","65"
"reading","54"
"windows-8","53"
"security","47"
"windows7","47"
"windows-xp","39"
"gpo","38"
"active-directory","35"
"fun","33"
"windows-server-2008","28"
"configmgr","27"
"compatibility","26"
"scripting","24"
"azure","19"
"internet-explorer","19"
"windows-server-2008-r2","19"
"defender-atp","17"
"hyper-v","17"
"licensing","17"
"network","16"
"bios","15"
"branchcache","14"
"citrix","14"
"microsoft","14"
"packaging","14"
"performance","14"
"protocols","14"
"drivers","13"
"Uncategorized","13"
"app-v","12"
"office-2010","12"
"office-365","12"
"vpro","12"
"aik","11"
"sccm-2012","11"
"vmware","11"
"hp","10"
"office2010","10"
"tcpip","10"
"windows-10","10"
"history","9"
"xp-mode","9"
"beta","8"
"kms","8"
"Microsoft Defender","8"
"windows-8-1","8"
"med-v","7"
"winpe","7"
"64-bit","6"
"bits","6"
"internet","6"
"log-analytics","6"
"ue-v","6"
"windows","6"
"adk","5"
"mdatp","5"
"mobile","5"
"office-2007","5"
"screencapture","5"
"sql","5"
"windows-server-2008r2","5"
"windows-update","5"
"antivirus","4"
"applocker","4"
"cloud","4"
"defender","4"
"driver-store","4"
"endpoint-protection","4"
"eventlog","4"
"google","4"
"hard-links","4"
"live-mesh","4"
"mdop","4"
"microsoft-office","4"
"net-framework","4"
"office-2013","4"
"power","4"
"product-lifecycle","4"
"registry","4"
"sccm-2007","4"
"vdi","4"
"wireless","4"
"wsus","4"
"xendesktop","4"
"amt","3"
"bandwidth","3"
"bginfo","3"
"bitlocker","3"
"dart","3"
"dism-2","3"
"dvd","3"
"energy","3"
"explorer","3"
"federated-search","3"
"green","3"
"hypervisor","3"
"ie8","3"
"intel","3"
"metro","3"
"mtp","3"
"oms","3"
"policypak","3"
"recovery","3"
"search-provider","3"
"thinpc","3"
"usmt","3"
"vhd","3"
"waik","3"
"web","3"
"windows-embedded","3"
"windows8","3"
"act","2"
"appdna","2"
"apple","2"
"azure-active-directory","2"
"azure-logic-app","2"
"broadband","2"
"bsod","2"
"ceip","2"
"cloud-app-security","2"
"compaq","2"
"compliance","2"
"defrag","2"
"dhcp","2"
"directaccess","2"
"embedded","2"
"EntraID","2"
"games","2"
"ipv6","2"
"java","2"
"labs","2"
"library","2"
"maps","2"
"mbsa","2"
"mdt","2"
"media-player","2"
"metro-style-app","2"
"Microsoft Sentinel","2"
"microsoft-defender","2"
"mui","2"
"os","2"
"outlook-2010","2"
"patch-manegement-software","2"
"pdf","2"
"powerpoint","2"
"powerpoint-viewer-2010","2"
"rdp","2"
"remote-management","2"
"rtm","2"
"scheduling","2"
"search","2"
"security-essentials","2"
"service-pack","2"
"silverlight","2"
"skydrive","2"
"speed","2"
"ssd","2"
"update","2"
"usb","2"
"windows-defender-offline","2"
"windows-server-2012","2"
"winrm","2"
"wmi","2"
"xenapp","2"
"xenclient","2"
"adobe","1"
"advanced-format-disk","1"
"agpm","1"
"android","1"
"application-guard","1"
"applications","1"
"assessment","1"
"azure-information-protection","1"
"azure-sentinel","1"
"backup","1"
"blockchain","1"
"blog","1"
"book","1"
"byoc","1"
"client-security","1"
"cmpivot","1"
"collection-commander","1"
"commandline","1"
"computer-science","1"
"credential-guard","1"
"desktop","1"
"dmi","1"
"dns","1"
"download","1"
"driverstore-2","1"
"dump","1"
"dvd-playback","1"
"edrive","1"
"emulator","1"
"evaluation","1"
"excel","1"
"excel-2007","1"
"exploit-guard","1"
"file-history","1"
"fixit","1"
"forefront","1"
"ftp","1"
"hdx","1"
"imagex","1"
"ipad","1"
"job","1"
"kali","1"
"kql","1"
"lab","1"
"lan","1"
"lifecycle","1"
"lync-2010","1"
"mac-2","1"
"mcas","1"
"mcs","1"
"memory","1"
"Microsoft 365","1"
"microsoft-flow","1"
"microsoft-project","1"
"mms2012","1"
"mse","1"
"msi","1"
"netware","1"
"novell","1"
"ntfs","1"
"nxtop","1"
"office-communicator","1"
"officeatp","1"
"open-specifications","1"
"openssh","1"
"osd","1"
"palm","1"
"personal-computer","1"
"port","1"
"process","1"
"production","1"
"psexec","1"
"pstools","1"
"pvs","1"
"qfe","1"
"remote","1"
"resource-kit","1"
"rsat","1"
"sccm","1"
"scheduled-tasks","1"
"scm","1"
"secureboot","1"
"sequence","1"
"sequencing","1"
"service-triggers","1"
"servicepack","1"
"sharing","1"
"skype","1"
"sms-2003","1"
"sql-server","1"
"sql-server-2008-express","1"
"streaming","1"
"superflow","1"
"support-2","1"
"surface-2","1"
"symantec","1"
"tasksequence","1"
"teched","1"
"technet-2","1"
"thinclient","1"
"touch","1"
"trend","1"
"tweak","1"
"uac","1"
"uefi","1"
"upgrade-analytics","1"
"video","1"
"virtualbox","1"
"virtualcomputer","1"
"vnc","1"
"volume","1"
"wakeup","1"
"webcam","1"
"whs","1"
"wim","1"
"windows-2000","1"
"windows-6-1","1"
"windows-home-server","1"
"windows-installer","1"
"windows-intune","1"
"windows-location-provider","1"
"windows-mobile","1"
"windows-server-2003","1"
"windows-to-go-2","1"
"windows-to-go-3","1"
"windows-update-services","1"
"windows7e","1"
"winsat","1"
"wlan","1"
"wordpress","1"
"wsl","1"
"www","1"
"xenserver","1"
"xpsp3","1"
"youtube","1"
